"time","A","V","consumption","solar","outside_temp"
"2024-09-18T03:48:00.000+03:00","84.4","49.26","3959.5555555555557","0",
"2024-09-18T03:49:00.000+03:00","83.9090909090909","49.28333333333333","3949.3846153846152","0",
"2024-09-18T03:50:00.000+03:00","84.17647058823529","49.25","3947.153846153846","0",
"2024-09-18T03:51:00.000+03:00","81.3157894736842","49.25714285714286","4016.5416666666665","0",
"2024-09-18T03:52:00.000+03:00","84.21052631578948","49.25833333333333","4013.2916666666665","0",
"2024-09-18T03:53:00.000+03:00","82.66666666666667","49.25","3945.2","0",
"2024-09-18T03:54:00.000+03:00","82.93333333333334","49.24166666666667","3990.0416666666665","0",
"2024-09-18T03:55:00.000+03:00","87.11764705882354","49.25","4159.16","0",
"2024-09-18T03:56:00.000+03:00","93.77777777777777","49.2","4372.52","0",
"2024-09-18T03:57:00.000+03:00","90.9090909090909","49.25","4313.083333333333","0",
"2024-09-18T03:58:00.000+03:00","88.89473684210526","49.25","4215.692307692308","0",
"2024-09-18T03:59:00.000+03:00","81.55","49.25","3871.6666666666665","0",
"2024-09-18T04:00:00.000+03:00","84.05555555555556","49.276923076923076","3873.153846153846","0",
"2024-09-18T04:01:00.000+03:00","81.26315789473684","49.29999999999999","3883.9166666666665","0",
"2024-09-18T04:02:00.000+03:00","82.85714285714286","49.24615384615385","3990.64","0",
"2024-09-18T04:03:00.000+03:00","81.33333333333333","49.28333333333333","3871.1666666666665","0",
"2024-09-18T04:04:00.000+03:00","78.73333333333333","49.26666666666666","3879.72","0",
"2024-09-18T04:05:00.000+03:00","79.45454545454545","49.324999999999996","3876.25","0",
"2024-09-18T04:06:00.000+03:00","82.33333333333333","49.27058823529411","3933.576923076923","0",
"2024-09-18T04:07:00.000+03:00","86.9","49.25454545454546","4180.125","0",
"2024-09-18T04:08:00.000+03:00","91.33333333333333","49.25","4258.923076923077","0",
"2024-09-18T04:09:00.000+03:00","91.25","49.25","4352.791666666667","0",
"2024-09-18T04:10:00.000+03:00","86.45454545454545","49.25454545454545","4174.52","0",
"2024-09-18T04:11:00.000+03:00","81.3","49.27272727272727","3928.28","0","12.6"
"2024-09-18T04:12:00.000+03:00","46.68421052631579","49.333333333333336","2050.0416666666665","0","12.66"
"2024-09-18T04:13:00.000+03:00","4.5625","49.849999999999994","399.36","0","12.72"
"2024-09-18T04:14:00.000+03:00","4.85","49.85714285714285","411.53846153846155","0","12.78"
"2024-09-18T04:15:00.000+03:00","4.25","49.85119047619047","414.0833333333333","0","12.84"
"2024-09-18T04:16:00.000+03:00","4.631578947368421","49.84523809523809","398.46153846153845","0","12.9"
"2024-09-18T04:17:00.000+03:00","5.785714285714286","49.839285714285715","410.8076923076923","0","12.857142857142858"
"2024-09-18T04:18:00.000+03:00","6.526315789473684","49.833333333333336","489","0","12.814285714285715"
"2024-09-18T04:19:00.000+03:00","12.875","49.84166666666667","801.6296296296297","0","12.771428571428572"
"2024-09-18T04:20:00.000+03:00","12.066666666666666","49.849999999999994","723.1666666666666","0","12.72857142857143"
"2024-09-18T04:21:00.000+03:00","12.5","49.849999999999994","742.7407407407408","0","12.685714285714287"
"2024-09-18T04:22:00.000+03:00","5.357142857142857","49.9","430.4782608695652","0","12.642857142857144"
"2024-09-18T04:23:00.000+03:00","70.0625","49.39090909090908","3555.6666666666665","0","12.600000000000001"
"2024-09-18T04:24:00.000+03:00","77.06666666666666","49.349999999999994","3802.695652173913","0","12.562500000000002"
"2024-09-18T04:25:00.000+03:00","80","49.349999999999994","3808.84","0","12.525000000000002"
"2024-09-18T04:26:00.000+03:00","78.6842105263158","49.349999999999994","3805","0","12.4875"
"2024-09-18T04:27:00.000+03:00","79.58823529411765","49.355","3803.2","0","12.450000000000001"
"2024-09-18T04:28:00.000+03:00","77.25","49.36","3769.681818181818","0","12.412500000000001"
"2024-09-18T04:29:00.000+03:00","79.22222222222223","49.333333333333336","3795.04","0","12.375"
"2024-09-18T04:30:00.000+03:00","84.3529411764706","49.23333333333333","4061.782608695652","0","12.3375"
"2024-09-18T04:31:00.000+03:00","87.6470588235294","49.260000000000005","4154.56","0","12.3"
"2024-09-18T04:32:00.000+03:00","87.17647058823529","49.25","4197.08","0","12.275"
"2024-09-18T04:33:00.000+03:00","85","49.262499999999996","4037.576923076923","0","12.25"
"2024-09-18T04:34:00.000+03:00","80.42857142857143","49.349999999999994","3787.5","0","12.225"
"2024-09-18T04:35:00.000+03:00","78.94736842105263","49.349999999999994","3777.3703703703704","0","12.2"
"2024-09-18T04:36:00.000+03:00","78.4","49.349999999999994","3803.608695652174","0","12.185714285714285"
"2024-09-18T04:37:00.000+03:00","77.89473684210526","49.349999999999994","3764.84","0","12.17142857142857"
"2024-09-18T04:38:00.000+03:00","79.83333333333333","49.349999999999994","3779.9583333333335","0","12.157142857142857"
"2024-09-18T04:39:00.000+03:00","78.73333333333333","49.333333333333336","3796.4347826086955","0","12.142857142857142"
"2024-09-18T04:40:00.000+03:00","78.0909090909091","49.3","3785.4583333333335","0","12.128571428571428"
"2024-09-18T04:41:00.000+03:00","78.76470588235294","49.349999999999994","3810.2916666666665","0","12.114285714285714"
"2024-09-18T04:42:00.000+03:00","85","49.22222222222222","4157.086956521739","0","12.1"
"2024-09-18T04:43:00.000+03:00","85.21052631578948","49.25","4092.56","0","12.116666666666665"
"2024-09-18T04:44:00.000+03:00","87.55555555555556","49.25","4122.36","0","12.133333333333333"
"2024-09-18T04:45:00.000+03:00","78.81818181818181","49.279999999999994","3852.52","0","12.149999999999999"
"2024-09-18T04:46:00.000+03:00","79.0625","49.30333333333333","3733.7083333333335","0","12.1"
"2024-09-18T04:47:00.000+03:00","78.83333333333333","49.32666666666666","3787.96","0","12.049999999999999"
"2024-09-18T04:48:00.000+03:00","79.10526315789474","49.349999999999994","3750.653846153846","0","12"
"2024-09-18T04:49:00.000+03:00","79.23529411764706","49.349999999999994","3730.2083333333335","0","11.966666666666667"
"2024-09-18T04:50:00.000+03:00","76.66666666666667","49.37499999999999","3657.08","0","11.933333333333334"
"2024-09-18T04:51:00.000+03:00","77.11111111111111","49.349999999999994","3752.0416666666665","0","11.9"
"2024-09-18T04:52:00.000+03:00","77.89473684210526","49.3","3764.6","0","11.88888888888889"
"2024-09-18T04:53:00.000+03:00","81","49.25","3913","0","11.877777777777778"
"2024-09-18T04:54:00.000+03:00","88.46666666666667","49.25","4166","0","11.866666666666667"
"2024-09-18T04:55:00.000+03:00","85.88235294117646","49.25833333333333","4117.869565217391","0","11.855555555555556"
"2024-09-18T04:56:00.000+03:00","86.42105263157895","49.25","4077.269230769231","0","11.844444444444445"
"2024-09-18T04:57:00.000+03:00","79.25","49.25","3801.1666666666665","0","11.833333333333334"
"2024-09-18T04:58:00.000+03:00","79.38888888888889","49.333333333333336","3813.24","0","11.822222222222223"
"2024-09-18T04:59:00.000+03:00","79.26666666666667","49.31666666666666","3809","0","11.811111111111112"
"2024-09-18T05:00:00.000+03:00","81.52941176470588","49.3","3872.48","0","11.8"
"2024-09-18T05:01:00.000+03:00","81.8125","49.25","3911.28","0","11.825000000000001"
"2024-09-18T05:02:00.000+03:00","82.07692307692308","49.3","3887.48","0","11.850000000000001"
"2024-09-18T05:03:00.000+03:00","80.05263157894737","49.25","3848.4583333333335","0","11.875"
"2024-09-18T05:04:00.000+03:00","80.21052631578948","49.23333333333333","3853.48","0","11.9"
"2024-09-18T05:05:00.000+03:00","85.625","49.25714285714286","4054.08","0","11.925"
"2024-09-18T05:06:00.000+03:00","86","49.25714285714286","4246.52","0","11.95"
"2024-09-18T05:07:00.000+03:00","89.55555555555556","49.25","4246.72","0","11.975"
"2024-09-18T05:08:00.000+03:00","88.25","49.260000000000005","4148.56","0","12"
"2024-09-18T05:09:00.000+03:00","80.52631578947368","49.267500000000005","3877.24","0","11.975"
"2024-09-18T05:10:00.000+03:00","79.25","49.275000000000006","3793.2","0","11.95"
"2024-09-18T05:11:00.000+03:00","78.33333333333333","49.2","3791.8","0","11.925"
"2024-09-18T05:12:00.000+03:00","79.58823529411765","49.349999999999994","3772.2916666666665","0","11.9"
"2024-09-18T05:13:00.000+03:00","78.3125","49.358333333333334","3764.08","0","11.875"
"2024-09-18T05:14:00.000+03:00","76.65217391304348","49.36666666666667","3754.6666666666665","0","11.85"
"2024-09-18T05:15:00.000+03:00","77.13333333333334","49.349999999999994","3776.769230769231","0","11.825"
"2024-09-18T05:16:00.000+03:00","77.05","49.31666666666666","3815.3478260869565","0","11.799999999999999"
"2024-09-18T05:17:00.000+03:00","86.6875","49.228571428571435","4152.961538461538","0","11.774999999999999"
"2024-09-18T05:18:00.000+03:00","85.47619047619048","49.241666666666674","4124","0","11.75"
"2024-09-18T05:19:00.000+03:00","87.6","49.25","4109.217391304348","0","11.725"
"2024-09-18T05:20:00.000+03:00","79.04166666666667","49.3","3857.875","0","11.7"
"2024-09-18T05:21:00.000+03:00","76.5","49.25","3784.6","0","11.713043478260868"
"2024-09-18T05:22:00.000+03:00","78.63157894736842","49.285714285714285","3789.52","0","11.726086956521739"
"2024-09-18T05:23:00.000+03:00","79.4","49.32857142857143","3812.44","0","11.739130434782608"
"2024-09-18T05:24:00.000+03:00","76.9","49.31666666666666","3711.75","0","11.752173913043478"
"2024-09-18T05:25:00.000+03:00","78.65","49.339999999999996","3764.76","0","11.765217391304347"
"2024-09-18T05:26:00.000+03:00","79.23809523809524","49.3111111111111","3728.24","0","11.778260869565218"
"2024-09-18T05:27:00.000+03:00","79.92857142857143","49.333333333333336","3783.84","0","11.791304347826086"
"2024-09-18T05:28:00.000+03:00","86.45","49.239999999999995","4129.68","0","11.804347826086955"
"2024-09-18T05:29:00.000+03:00","87","49.25","4182.08","0","11.817391304347826"
"2024-09-18T05:30:00.000+03:00","87.26666666666667","49.25","4140.08","0","11.830434782608695"
"2024-09-18T05:31:00.000+03:00","82.27777777777777","49.287499999999994","3900.576923076923","0","11.843478260869565"
"2024-09-18T05:32:00.000+03:00","78.75","49.26875","3789.9545454545455","0","11.856521739130434"
"2024-09-18T05:33:00.000+03:00","79.1","49.25","3780.7916666666665","0","11.869565217391305"
"2024-09-18T05:34:00.000+03:00","79.06666666666666","49.25","3781.44","0","11.882608695652173"
"2024-09-18T05:35:00.000+03:00","79.5","49.25","3814.36","0","11.895652173913044"
"2024-09-18T05:36:00.000+03:00","79.57142857142857","49.25","3810.0833333333335","0","11.908695652173913"
"2024-09-18T05:37:00.000+03:00","80.58823529411765","49.28000000000001","3786.6","0","11.921739130434782"
"2024-09-18T05:38:00.000+03:00","80.6","49.24714285714286","3818.84","0","11.934782608695652"
"2024-09-18T05:39:00.000+03:00","82.11764705882354","49.214285714285715","4148.76","0","11.947826086956521"
"2024-09-18T05:40:00.000+03:00","87.04761904761905","49.25","4114.541666666667","0","11.960869565217392"
"2024-09-18T05:41:00.000+03:00","87.64285714285714","49.220000000000006","4158.08","0","11.97391304347826"
"2024-09-18T05:42:00.000+03:00","82.19047619047619","49.260000000000005","3972.24","0","11.986956521739131"
"2024-09-18T05:43:00.000+03:00","78.64285714285714","49.25","3792.9583333333335","0","12"
"2024-09-18T05:44:00.000+03:00","79.46153846153847","49.349999999999994","3814.5384615384614","0","11.978947368421053"
"2024-09-18T05:45:00.000+03:00","78.46666666666667","49.25","3788.217391304348","0","11.957894736842105"
"2024-09-18T05:46:00.000+03:00","79.31818181818181","49.25","3807.1923076923076","0","11.936842105263159"
"2024-09-18T05:47:00.000+03:00","80.21428571428571","49.25","3791.9565217391305","0","11.91578947368421"
"2024-09-18T05:48:00.000+03:00","79.4375","49.25","3819.6666666666665","0","11.894736842105264"
"2024-09-18T05:49:00.000+03:00","79.19047619047619","49.29999999999999","3887.1666666666665","0","11.873684210526315"
"2024-09-18T05:50:00.000+03:00","88.11764705882354","49.279999999999994","4158.583333333333","0","11.852631578947369"
"2024-09-18T05:51:00.000+03:00","83.76470588235294","49.25","4048.04","0","11.83157894736842"
"2024-09-18T05:52:00.000+03:00","86.47058823529412","49.24444444444444","4095.52","0","11.810526315789474"
"2024-09-18T05:53:00.000+03:00","80.18181818181819","49.300000000000004","3789.88","0","11.789473684210526"
"2024-09-18T05:54:00.000+03:00","78.26315789473684","49.339999999999996","3773.24","0","11.76842105263158"
"2024-09-18T05:55:00.000+03:00","77.21052631578948","49.349999999999994","3693.4347826086955","0","11.74736842105263"
"2024-09-18T05:56:00.000+03:00","77.05263157894737","49.324999999999996","3734.695652173913","0","11.726315789473684"
"2024-09-18T05:57:00.000+03:00","78.26315789473684","49.3","3710.6666666666665","0","11.705263157894736"
"2024-09-18T05:58:00.000+03:00","78.35","49.349999999999994","3709.5","0","11.68421052631579"
"2024-09-18T05:59:00.000+03:00","78.1","49.25","3744.8333333333335","0","11.663157894736841"
"2024-09-18T06:00:00.000+03:00","79.8","49.2","3791.0833333333335","0","11.642105263157895"
"2024-09-18T06:01:00.000+03:00","27","49.19642857142858",,"0","11.621052631578946"
"2024-09-18T06:02:00.000+03:00",,"49.19285714285714",,"0","11.6"
"2024-09-18T06:03:00.000+03:00",,"49.18928571428572",,"0","11.604545454545454"
"2024-09-18T06:04:00.000+03:00",,"49.18571428571429",,"0","11.60909090909091"
"2024-09-18T06:05:00.000+03:00",,"49.182142857142864",,"0","11.613636363636363"
"2024-09-18T06:06:00.000+03:00",,"49.17857142857143",,"0","11.618181818181817"
"2024-09-18T06:07:00.000+03:00",,"49.175000000000004",,"0","11.622727272727273"
"2024-09-18T06:08:00.000+03:00",,"49.17142857142858",,"0","11.627272727272727"
"2024-09-18T06:09:00.000+03:00",,"49.167857142857144",,"0","11.631818181818181"
"2024-09-18T06:10:00.000+03:00",,"49.16428571428572",,"0","11.636363636363637"
"2024-09-18T06:11:00.000+03:00",,"49.16071428571429",,"0","11.64090909090909"
"2024-09-18T06:12:00.000+03:00",,"49.157142857142865",,"0","11.645454545454545"
"2024-09-18T06:13:00.000+03:00",,"49.15357142857143",,"0","11.649999999999999"
"2024-09-18T06:14:00.000+03:00","28","49.150000000000006","4108.5","0","11.654545454545454"
"2024-09-18T06:15:00.000+03:00","82.3157894736842","49.25","3997.8","0","11.659090909090908"
"2024-09-18T06:16:00.000+03:00","78.94117647058823","49.262499999999996","3757.3076923076924","0","11.663636363636362"
"2024-09-18T06:17:00.000+03:00","78.3","49.27499999999999","3741.8333333333335","0","11.668181818181818"
"2024-09-18T06:18:00.000+03:00","77.4090909090909","49.287499999999994","3716.52","0","11.672727272727272"
"2024-09-18T06:19:00.000+03:00","77.31818181818181","49.29999999999999","3724.0833333333335","0","11.677272727272726"
"2024-09-18T06:20:00.000+03:00","78.13333333333334","49.32499999999999","3697.08","0","11.681818181818182"
"2024-09-18T06:21:00.000+03:00","78.13333333333334","49.349999999999994","3727.6666666666665","0","11.686363636363636"
"2024-09-18T06:22:00.000+03:00","77.80952380952381","49.349999999999994","3723.730769230769","0","11.69090909090909"
"2024-09-18T06:23:00.000+03:00","78.84210526315789","49.3","3766.391304347826","0","11.695454545454545"
"2024-09-18T06:24:00.000+03:00","86.44444444444444","49.24444444444444","4124.384615384615","0","11.7"
"2024-09-18T06:25:00.000+03:00","88.55555555555556","49.239999999999995","4149.666666666667","0","12"
"2024-09-18T06:26:00.000+03:00","85.3157894736842","49.24545454545455","4109","0","11.986956521739131"
"2024-09-18T06:27:00.000+03:00","83.0625","49.29","3902.76","0","11.97391304347826"
"2024-09-18T06:28:00.000+03:00","77.11111111111111","49.31999999999999","3783.25","0","11.960869565217392"
"2024-09-18T06:29:00.000+03:00","79.4","49.349999999999994","3785.48","0","11.947826086956521"
"2024-09-18T06:30:00.000+03:00","80.83333333333333","49.3","3856.36","0","11.934782608695652"
"2024-09-18T06:31:00.000+03:00","81.35","49.279999999999994","3858","0","11.921739130434782"
"2024-09-18T06:32:00.000+03:00","80.75","49.29999999999999","3867.16","0","11.908695652173913"
"2024-09-18T06:33:00.000+03:00","80.9","49.349999999999994","3779.12","0","11.895652173913044"
"2024-09-18T06:34:00.000+03:00","81.21739130434783","49.28333333333333","3849.84","0","11.882608695652173"
"2024-09-18T06:35:00.000+03:00","86.73684210526316","49.23333333333333","4041.36","0","11.869565217391305"
"2024-09-18T06:36:00.000+03:00","91.71428571428571","49.25","4249.958333333333","0","11.856521739130434"
"2024-09-18T06:37:00.000+03:00","89.4090909090909","49.26666666666667","4225.307692307692","0","11.843478260869565"
"2024-09-18T06:38:00.000+03:00","87.7","49.25","4082.1304347826085","0","11.830434782608695"
"2024-09-18T06:39:00.000+03:00","82.1875","49.25","3891.8333333333335","0","11.817391304347826"
"2024-09-18T06:40:00.000+03:00","80.29411764705883","49.349999999999994","3875.608695652174","0","11.804347826086955"
"2024-09-18T06:41:00.000+03:00","80.22222222222223","49.25","3801.6666666666665","0","11.791304347826086"
"2024-09-18T06:42:00.000+03:00","79.14285714285714","49.29999999999999","3812.4166666666665","0","11.778260869565218"
"2024-09-18T06:43:00.000+03:00","78.78947368421052","49.29999999999999","3811.04","0","11.765217391304347"
"2024-09-18T06:44:00.000+03:00","80.5","49.25","3833.3636363636365","0","11.752173913043478"
"2024-09-18T06:45:00.000+03:00","79.27777777777777","49.28000000000001","3832.64","0","11.739130434782608"
"2024-09-18T06:46:00.000+03:00","79.3157894736842","49.24000000000001","3812.3478260869565","0","11.726086956521739"
"2024-09-18T06:47:00.000+03:00","88.3125","49.2","4147.083333333333","0","11.713043478260868"
"2024-09-18T06:48:00.000+03:00","87.15","49.228571428571435","4187.583333333333","0","11.7"
"2024-09-18T06:49:00.000+03:00","87.86666666666666","49.25","4209.782608695652","0","11.714705882352941"
"2024-09-18T06:50:00.000+03:00","85.73333333333333","49.260000000000005","4014.2916666666665","0","11.729411764705882"
"2024-09-18T06:51:00.000+03:00","80.44444444444444","49.3","3809.5","0","11.744117647058824"
"2024-09-18T06:52:00.000+03:00","80.22222222222223","49.3","3836.913043478261","0","11.758823529411764"
"2024-09-18T06:53:00.000+03:00","80.52631578947368","49.31999999999999","3815.5416666666665","0","11.773529411764706"
"2024-09-18T06:54:00.000+03:00","79.6","49.25","3834.375","0","11.788235294117646"
"2024-09-18T06:55:00.000+03:00","79.77777777777777","49.349999999999994","3804.25","0","11.802941176470588"
"2024-09-18T06:56:00.000+03:00","79.84210526315789","49.349999999999994","3826","0","11.817647058823528"
"2024-09-18T06:57:00.000+03:00","80.3529411764706","49.28333333333333","3832.4166666666665","0","11.83235294117647"
"2024-09-18T06:58:00.000+03:00","80.27777777777777","49.3","3817.8","0","11.84705882352941"
"2024-09-18T06:59:00.000+03:00","85.21052631578948","49.239999999999995","4142.173913043478","0","11.861764705882353"
"2024-09-18T07:00:00.000+03:00","80.68181818181819","49.324999999999996","3737.5416666666665","0","11.876470588235293"
"2024-09-18T07:01:00.000+03:00","66.81818181818181","49.4","3212.4347826086955","0","11.891176470588235"
"2024-09-18T07:02:00.000+03:00","49.44444444444444","49.51428571428572","2436.625","0","11.905882352941175"
"2024-09-18T07:03:00.000+03:00","18.166666666666668","49.8","956.0909090909091","0","11.920588235294117"
"2024-09-18T07:04:00.000+03:00","7.684210526315789","49.9","509.36","0","11.935294117647057"
"2024-09-18T07:05:00.000+03:00","7","49.84444444444444","519.5652173913044","0","11.95"
"2024-09-18T07:06:00.000+03:00","8.066666666666666","49.83076923076922","649.84","0","11.964705882352941"
"2024-09-18T07:07:00.000+03:00","8.285714285714286","49.86","539.7826086956521","0","11.979411764705882"
"2024-09-18T07:08:00.000+03:00","6.6875","49.9","523.7083333333334","0","11.994117647058824"
"2024-09-18T07:09:00.000+03:00","7.25","49.875","508.25","0","12.008823529411764"
"2024-09-18T07:10:00.000+03:00","6.285714285714286","49.849999999999994","442.7391304347826","0","12.023529411764706"
"2024-09-18T07:11:00.000+03:00","6","49.824999999999996","458.6666666666667","0","12.038235294117646"
"2024-09-18T07:12:00.000+03:00","6.214285714285714","49.8","465.4166666666667","0","12.052941176470588"
"2024-09-18T07:13:00.000+03:00","27.25","49.76666666666666","1284.7391304347825","0","12.067647058823528"
"2024-09-18T07:14:00.000+03:00","25.38095238095238","49.73333333333333","1306.0833333333333","0","12.08235294117647"
"2024-09-18T07:15:00.000+03:00","15","49.73888888888888","860.0434782608696","0","12.09705882352941"
"2024-09-18T07:16:00.000+03:00","21.166666666666668","49.74444444444444","1158.24","0","12.111764705882353"
"2024-09-18T07:17:00.000+03:00","16","49.849999999999994","851.24","0","12.126470588235293"
"2024-09-18T07:18:00.000+03:00","7.4375","49.85","550.75","0","12.141176470588235"
"2024-09-18T07:19:00.000+03:00","8.857142857142858","49.85","593.1538461538462","0","12.155882352941175"
"2024-09-18T07:20:00.000+03:00","8.866666666666667","49.849999999999994","643.0833333333334","0","12.170588235294117"
"2024-09-18T07:21:00.000+03:00","9","49.849999999999994","625.84","0","12.185294117647057"
"2024-09-18T07:22:00.000+03:00","8.882352941176471","49.85714285714285","639.875","0","12.2"
"2024-09-18T07:23:00.000+03:00","8.95","49.84285714285714","642.24","0","12.219999999999999"
"2024-09-18T07:24:00.000+03:00","18","49.845238095238095","975.0833333333334","0","12.24"
"2024-09-18T07:25:00.000+03:00","16.866666666666667","49.84761904761904","956.44","0","12.26"
"2024-09-18T07:26:00.000+03:00","16.615384615384617","49.849999999999994","959","2","12.280000000000001"
"2024-09-18T07:27:00.000+03:00","9.428571428571429","49.85555555555555","663.0416666666666","0","12.3"
"2024-09-18T07:28:00.000+03:00","9.1875","49.85","617","4","12.306666666666667"
"2024-09-18T07:29:00.000+03:00","33.76190476190476","49.7","1703.25","0","12.313333333333334"
"2024-09-18T07:30:00.000+03:00","29.454545454545453","49.7","1419.7826086956522","0","12.32"
"2024-09-18T07:31:00.000+03:00","26.0625","49.708333333333336","1415.375","0","12.326666666666668"
"2024-09-18T07:32:00.000+03:00","26.529411764705884","49.716666666666676","1417.25","9","12.333333333333334"
"2024-09-18T07:33:00.000+03:00","17.125","49.72500000000001","879.56","0","12.34"
"2024-09-18T07:34:00.000+03:00","15.866666666666667","49.737500000000004","902.3181818181819","6.5","12.346666666666668"
"2024-09-18T07:35:00.000+03:00","19.9375","49.75","1083.64","15.5","12.353333333333333"
"2024-09-18T07:36:00.000+03:00","18.666666666666668","49.73333333333333","1099.304347826087","0","12.360000000000001"
"2024-09-18T07:37:00.000+03:00","31.9","49.650000000000006","1715.5217391304348","0","12.366666666666667"
"2024-09-18T07:38:00.000+03:00","19.5625","49.839999999999996","1099.12","22","12.373333333333333"
"2024-09-18T07:39:00.000+03:00","10.333333333333334","49.85454545454545","715.5833333333334","27","12.38"
"2024-09-18T07:40:00.000+03:00","9.2","49.77727272727273","622.52","13","12.386666666666667"
"2024-09-18T07:41:00.000+03:00","23.72222222222222","49.7","1093.12","6.2","12.393333333333334"
"2024-09-18T07:42:00.000+03:00","26.944444444444443","49.699999999999996","1352.1666666666667","25.25","12.4"
"2024-09-18T07:43:00.000+03:00","23.0625","49.7","1290.92","38.666666666666664","12.405172413793103"
"2024-09-18T07:44:00.000+03:00","7.3076923076923075","49.8","588.92","43.666666666666664","12.410344827586208"
"2024-09-18T07:45:00.000+03:00","15.928571428571429","49.849999999999994","937.16","47","12.41551724137931"
"2024-09-18T07:46:00.000+03:00","15.25","49.86666666666666","935.96","0","12.420689655172414"
"2024-09-18T07:47:00.000+03:00","15.866666666666667","49.88333333333333","952.4782608695652","25.5","12.425862068965518"
"2024-09-18T07:48:00.000+03:00","11.2","49.9","703.2307692307693","16.428571428571427","12.431034482758621"
"2024-09-18T07:49:00.000+03:00","7.6923076923076925","49.89285714285714","585.1304347826087","44.875","12.436206896551724"
"2024-09-18T07:50:00.000+03:00","7.5","49.885714285714286","577.5416666666666","69.5","12.441379310344828"
"2024-09-18T07:51:00.000+03:00","7.6923076923076925","49.878571428571426","581.6","0","12.446551724137931"
"2024-09-18T07:52:00.000+03:00","7.714285714285714","49.87142857142857","595.5652173913044","79.5","12.451724137931034"
"2024-09-18T07:53:00.000+03:00","6.6","49.86428571428571","603.4347826086956","87","12.456896551724139"
"2024-09-18T07:54:00.000+03:00","7","49.857142857142854","592.72","50","12.462068965517242"
"2024-09-18T07:55:00.000+03:00","8.470588235294118","49.849999999999994","614.5","30.3","12.467241379310344"
"2024-09-18T07:56:00.000+03:00","15.333333333333334","49.8","966.96","79","12.472413793103449"
"2024-09-18T07:57:00.000+03:00","13","49.849999999999994","906.9166666666666","107","12.477586206896552"
"2024-09-18T07:58:00.000+03:00","13.916666666666666","49.849999999999994","931.44","114.5","12.482758620689657"
"2024-09-18T07:59:00.000+03:00","7.777777777777778","49.86666666666667","633.625","124.5","12.48793103448276"
"2024-09-18T08:00:00.000+03:00","7.421052631578948","49.849999999999994","644.0833333333334","134.5","12.493103448275862"
"2024-09-18T08:01:00.000+03:00","8.125","49.849999999999994","652.2083333333334","101","12.498275862068967"
"2024-09-18T08:02:00.000+03:00","8.9375","49.85","667.4","46.84615384615385","12.50344827586207"
"2024-09-18T08:03:00.000+03:00","6.538461538461538","49.849999999999994","610.5217391304348","117","12.508620689655173"
"2024-09-18T08:04:00.000+03:00","6.125","49.83333333333333","629.2692307692307","162","12.513793103448277"
"2024-09-18T08:05:00.000+03:00","5.769230769230769","49.81666666666666","604.4166666666666","172","12.51896551724138"
"2024-09-18T08:06:00.000+03:00","8.785714285714286","49.8","759.9230769230769","0","12.524137931034483"
"2024-09-18T08:07:00.000+03:00","15.176470588235293","49.824999999999996","1070.28","0","12.529310344827588"
"2024-09-18T08:08:00.000+03:00","15.285714285714286","49.849999999999994","1001.96","107.33333333333333","12.53448275862069"
"2024-09-18T08:09:00.000+03:00","17","49.875","1024.5416666666667","57.857142857142854","12.539655172413793"
"2024-09-18T08:10:00.000+03:00","6.928571428571429","49.9","597.4230769230769","132","12.544827586206898"
"2024-09-18T08:11:00.000+03:00","6.722222222222222","49.849999999999994","677.875","187","12.55"
"2024-09-18T08:12:00.000+03:00","7.444444444444445","49.85","666.6","0","12.525"
"2024-09-18T08:13:00.000+03:00","4.5","49.9","575.375","192","12.5"
"2024-09-18T08:14:00.000+03:00","4.6","49.95","577.2","194.5","12.6"
"2024-09-18T08:15:00.000+03:00","5.125","49.95","584.92","122.33333333333333","12.7"
"2024-09-18T08:16:00.000+03:00","7.166666666666667","49.849999999999994","603.8333333333334","75.92857142857143","12.6"
"2024-09-18T08:17:00.000+03:00","9.428571428571429","49.833333333333336","788.875","145.94736842105263","12.5"
"2024-09-18T08:18:00.000+03:00","12.222222222222221","49.849999999999994","926.4166666666666","204.5","12.45"
"2024-09-18T08:19:00.000+03:00","10.5","49.85384615384615","887.125","219.5","12.4"
"2024-09-18T08:20:00.000+03:00","8.153846153846153","49.849999999999994","743","227","12.5"
"2024-09-18T08:21:00.000+03:00","3.1875","49.95","541.9166666666666","0","12.533333333333333"
"2024-09-18T08:22:00.000+03:00","5.125","49.95","564.2173913043479","183.75","12.566666666666666"
"2024-09-18T08:23:00.000+03:00","6","49.9","545.4166666666666","78.92307692307692","12.6"
"2024-09-18T08:24:00.000+03:00","4.153846153846154","49.916666666666664","525.6363636363636","155.8095238095238","12.5"
"2024-09-18T08:25:00.000+03:00","2.7","49.93333333333334","524.9166666666666","235.85714285714286","12.55"
"2024-09-18T08:26:00.000+03:00","2.466666666666667","49.95","503.57142857142856","244","12.6"
"2024-09-18T08:27:00.000+03:00","2.4","49.9","548.7916666666666","247","12.61"
"2024-09-18T08:28:00.000+03:00","8.2","49.849999999999994","883.2916666666666","247","12.62"
"2024-09-18T08:29:00.000+03:00","10.428571428571429","49.8375","859.04","252","12.629999999999999"
"2024-09-18T08:30:00.000+03:00","13.65","49.825","926.2083333333334","120.33333333333333","12.639999999999999"
"2024-09-18T08:31:00.000+03:00","8.444444444444445","49.86666666666667","758.3846153846154","172.26315789473685","12.649999999999999"
"2024-09-18T08:32:00.000+03:00","3.727272727272727","49.857142857142854","587.0909090909091","247.77777777777777","12.66"
"2024-09-18T08:33:00.000+03:00","3.588235294117647","49.84761904761905","591.8076923076923","264","12.67"
"2024-09-18T08:34:00.000+03:00","3","49.838095238095235","591.8333333333334","267","12.68"
"2024-09-18T08:35:00.000+03:00","3.1538461538461537","49.82857142857143","604.28","272.8","12.69"
"2024-09-18T08:36:00.000+03:00","3.1176470588235294","49.819047619047616","619.0416666666666","277.5","12.7"
"2024-09-18T08:37:00.000+03:00","5.294117647058823","49.80952380952381","620.64","143","12.666666666666666"
"2024-09-18T08:38:00.000+03:00","7.944444444444445","49.8","710.12","187.2941176470588","12.633333333333333"
"2024-09-18T08:39:00.000+03:00","11.818181818181818","49.85454545454545","1015.92","266","12.6"
"2024-09-18T08:40:00.000+03:00","11.2","49.85","952.5833333333334","297","12.588235294117647"
"2024-09-18T08:41:00.000+03:00","9.294117647058824","49.86666666666667","904.72","307","12.576470588235294"
"2024-09-18T08:42:00.000+03:00","3","49.88333333333333","583.24","316.4","12.564705882352941"
"2024-09-18T08:43:00.000+03:00","2.0833333333333335","49.900000000000006","548.72","329","12.552941176470588"
"2024-09-18T08:44:00.000+03:00","1.5454545454545454","49.91666666666667","519.88","285.6","12.541176470588235"
"2024-09-18T08:45:00.000+03:00","2.1","49.93333333333334","540.04","294.6363636363636","12.529411764705882"
"2024-09-18T08:46:00.000+03:00","1.3333333333333333","49.95","548.52","343","12.51764705882353"
"2024-09-18T08:47:00.000+03:00","1.1111111111111112","49.95454545454545","531.52","359","12.505882352941176"
"2024-09-18T08:48:00.000+03:00","0.6","49.959999999999994","542.4782608695652","370","12.494117647058824"
"2024-09-18T08:49:00.000+03:00","5.071428571428571","49.925000000000004","727.2173913043479","374","12.48235294117647"
"2024-09-18T08:50:00.000+03:00","7.583333333333333","49.93333333333334","901.32","384.5","12.470588235294118"
"2024-09-18T08:51:00.000+03:00","6.666666666666667","49.94166666666667","854.0416666666666","397","12.458823529411765"
"2024-09-18T08:52:00.000+03:00","5.705882352941177","49.95","775.8846153846154","408","12.447058823529412"
"2024-09-18T08:53:00.000+03:00","-0.5333333333333333","50","490.5652173913044","420.75","12.435294117647059"
"2024-09-18T08:54:00.000+03:00","-0.46153846153846156","49.986666666666665","490.38461538461536","435","12.423529411764706"
"2024-09-18T08:55:00.000+03:00","-0.45454545454545453","49.973333333333336","497.375","450","12.411764705882353"
"2024-09-18T08:56:00.000+03:00","-1.0476190476190477","49.96","490.56","465","12.4"
"2024-09-18T08:57:00.000+03:00","-1.1","49.94666666666667","492.875","482.5","12.41025641025641"
"2024-09-18T08:58:00.000+03:00","-0.5294117647058824","49.93333333333334","524.625","497.5","12.42051282051282"
"2024-09-18T08:59:00.000+03:00","-0.125","49.949999999999996","611.48","509.5","12.430769230769231"
"2024-09-18T09:00:00.000+03:00","7.866666666666666","49.954166666666666","1041.68","521","12.441025641025641"
"2024-09-18T09:01:00.000+03:00","8.38888888888889","49.95833333333333","1056.375","532","12.451282051282051"
"2024-09-18T09:02:00.000+03:00","7.615384615384615","49.9625","1057.44","547","12.461538461538462"
"2024-09-18T09:03:00.000+03:00","4.357142857142857","49.96666666666667","861.9230769230769","558","12.471794871794872"
"2024-09-18T09:04:00.000+03:00","0.058823529411764705","49.95","647.375","572.4","12.482051282051282"
"2024-09-18T09:05:00.000+03:00","-0.2857142857142857","49.95","636.8695652173913","592.5","12.492307692307692"
"2024-09-18T09:06:00.000+03:00","-0.1875","49.95","668.5454545454545","605","12.502564102564103"
"2024-09-18T09:07:00.000+03:00","-0.36363636363636365","49.95","659.25","612.5","12.512820512820513"
"2024-09-18T09:08:00.000+03:00","-1","49.95","620.36","607.5","12.523076923076923"
"2024-09-18T09:09:00.000+03:00","-1.6875","49.95","568.5833333333334","0","12.533333333333333"
"2024-09-18T09:10:00.000+03:00","-2.8","49.94500000000001","513.8","612.5","12.543589743589743"
"2024-09-18T09:11:00.000+03:00","1.4615384615384615","49.940000000000005","858","616","12.553846153846154"
"2024-09-18T09:12:00.000+03:00","2.6153846153846154","49.949999999999996","834.8333333333334","621","12.564102564102564"
"2024-09-18T09:13:00.000+03:00","1.5","49.95","793.3333333333334","624","12.574358974358974"
"2024-09-18T09:14:00.000+03:00","-2.142857142857143","50","614.5","618","12.584615384615384"
"2024-09-18T09:15:00.000+03:00","-3.8","50.05","474.5","617.5","12.594871794871795"
"2024-09-18T09:16:00.000+03:00","-3.625","50.037499999999994","473.375","632.5","12.605128205128207"
"2024-09-18T09:17:00.000+03:00","-4.411764705882353","50.025","469.7826086956522","655","12.615384615384617"
"2024-09-18T09:18:00.000+03:00","-4.947368421052632","50.0125","466.875","660","12.625641025641027"
"2024-09-18T09:19:00.000+03:00","-4.375","50","474.5833333333333","662.5","12.635897435897437"
"2024-09-18T09:20:00.000+03:00","-4.842105263157895","50.05","466.04","667.5","12.646153846153847"
"2024-09-18T09:21:00.000+03:00","-4.333333333333333","50","486.5833333333333","680","12.656410256410258"
"2024-09-18T09:22:00.000+03:00","0.5833333333333334","49.95","852.8333333333334","687.6666666666666","12.666666666666668"
"2024-09-18T09:23:00.000+03:00","1.0714285714285714","49.94444444444444","866.25","691.5","12.676923076923078"
"2024-09-18T09:24:00.000+03:00","0.06666666666666667","49.957142857142856","795.64","695","12.687179487179488"
"2024-09-18T09:25:00.000+03:00","-4.357142857142857","49.95","573.7916666666666","700","12.697435897435899"
"2024-09-18T09:26:00.000+03:00","-5.5","50.05","471.4166666666667","715","12.707692307692309"
"2024-09-18T09:27:00.000+03:00","-5.875","50.05","470.60869565217394","727.5","12.717948717948719"
"2024-09-18T09:28:00.000+03:00","-5.9","50.05","462.9166666666667","0","12.72820512820513"
"2024-09-18T09:29:00.000+03:00","-6","50","478.64","0","12.73846153846154"
"2024-09-18T09:30:00.000+03:00","-4.375","50.016666666666666","541.2083333333334","725","12.74871794871795"
"2024-09-18T09:31:00.000+03:00","-4.368421052631579","50.03333333333333","549.0416666666666","0","12.75897435897436"
"2024-09-18T09:32:00.000+03:00","-3.736842105263158","50.05","571.08","735","12.76923076923077"
"2024-09-18T09:33:00.000+03:00","2.3333333333333335","49.93333333333334","933.52","748","12.77948717948718"
"2024-09-18T09:34:00.000+03:00","1.3636363636363635","49.957142857142856","890.52","769","12.78974358974359"
"2024-09-18T09:35:00.000+03:00","0.058823529411764705","50.003571428571426","894.5416666666666","790.4","12.8"
"2024-09-18T09:36:00.000+03:00","-3.6","50.05","682.72","802.5","12.950000000000001"
"2024-09-18T09:37:00.000+03:00","-4.25","49.9","591.1153846153846","801.6666666666666","13.1"
"2024-09-18T09:38:00.000+03:00","-4.8","50","573.3636363636364","0","13.25"
"2024-09-18T09:39:00.000+03:00","-6.294117647058823","50.05","517.5833333333334","802.5","13.4"
"2024-09-18T09:40:00.000+03:00","-7.777777777777778","50.059999999999995","445.375","805","13.549999999999999"
"2024-09-18T09:41:00.000+03:00","-7.75","50.05","450.95652173913044","805","13.7"
"2024-09-18T09:42:00.000+03:00","-8","50.025","449.9130434782609","803.6666666666666","13.672727272727272"
"2024-09-18T09:43:00.000+03:00","-7.388888888888889","50","466.3181818181818","803.8333333333334","13.645454545454545"
"2024-09-18T09:44:00.000+03:00","-1.0714285714285714","50.015","795.2916666666666","810","13.618181818181817"
"2024-09-18T09:45:00.000+03:00","-1.3529411764705883","50.03","769.7083333333334","807.5","13.59090909090909"
"2024-09-18T09:46:00.000+03:00","-1.4375","50.044999999999995","771.125","805","13.563636363636363"
"2024-09-18T09:47:00.000+03:00","-6.944444444444445","50.059999999999995","500.36","790","13.536363636363635"
"2024-09-18T09:48:00.000+03:00","-7.5","50.05","429.875","768","13.509090909090908"
"2024-09-18T09:49:00.000+03:00","-5.6","50","479.04","732.5","13.48181818181818"
"2024-09-18T09:50:00.000+03:00","-4.857142857142857","50.05","476.08","692.5","13.454545454545455"
"2024-09-18T09:51:00.000+03:00","-3.8095238095238093","50.05","488.04","652.5","13.427272727272728"
"2024-09-18T09:52:00.000+03:00","-3.142857142857143","50.05","482.16","620","13.4"
"2024-09-18T09:53:00.000+03:00","-2.9444444444444446","50.05","478.25","595","13.372727272727273"
"2024-09-18T09:54:00.000+03:00","-1.4705882352941178","49.95833333333333","578.6666666666666","572.5","13.345454545454546"
"2024-09-18T09:55:00.000+03:00","4.444444444444445","49.86666666666667","927.52","559.8333333333334","13.318181818181818"
"2024-09-18T09:56:00.000+03:00","4.416666666666667","49.95","843.6923076923077","547","13.290909090909091"
"2024-09-18T09:57:00.000+03:00","3.769230769230769","49.975","861.4166666666666","538.5","13.263636363636364"
"2024-09-18T09:58:00.000+03:00","-0.7142857142857143","50","548.4444444444445","533.8","13.236363636363636"
"2024-09-18T09:59:00.000+03:00","-1.4210526315789473","49.99","487.375","0","13.209090909090909"
"2024-09-18T10:00:00.000+03:00","-0.5","49.980000000000004","582.3846153846154","521.6666666666666","13.181818181818182"
"2024-09-18T10:01:00.000+03:00","-0.16666666666666666","49.97","582.7826086956521","513","13.154545454545454"
"2024-09-18T10:02:00.000+03:00","-0.4","49.96","577.125","520","13.127272727272727"
"2024-09-18T10:03:00.000+03:00","-0.23076923076923078","49.95","580.2083333333334","525","13.1"
"2024-09-18T10:04:00.000+03:00","-0.21428571428571427","49.95","597.24","532.5","13.072727272727272"
"2024-09-18T10:05:00.000+03:00","0.4375","49.9","658","533.5","13.045454545454545"
"2024-09-18T10:06:00.000+03:00","8.9375","49.849999999999994","1081.875","537.3333333333334","13.01818181818182"
"2024-09-18T10:07:00.000+03:00","7.166666666666667","49.9","1022.3913043478261","542.2222222222222","12.990909090909092"
"2024-09-18T10:08:00.000+03:00","4.7272727272727275","49.95","945.5","550.5","12.963636363636365"
"2024-09-18T10:09:00.000+03:00","0.6153846153846154","49.96666666666667","679.75","552.1666666666666","12.936363636363637"
"2024-09-18T10:10:00.000+03:00","-0.4","49.961111111111116","567.0434782608696","0","12.90909090909091"
"2024-09-18T10:11:00.000+03:00","-0.5","49.955555555555556","562.5","542.5","12.881818181818183"
"2024-09-18T10:12:00.000+03:00","-1.2142857142857142","49.95","555.84","535","12.854545454545455"
"2024-09-18T10:13:00.000+03:00","-0.625","49.95","559.9545454545455","0","12.827272727272728"
"2024-09-18T10:14:00.000+03:00","-0.5294117647058824","49.95","562.7916666666666","0","12.8"
"2024-09-18T10:15:00.000+03:00","-0.42857142857142855","49.95","562.3333333333334","0","13.65"
"2024-09-18T10:16:00.000+03:00","-0.75","49.93214285714286","577.9166666666666","0","14.5"
"2024-09-18T10:17:00.000+03:00","5.6875","49.91428571428571","938.5416666666666","533","14.50377358490566"
"2024-09-18T10:18:00.000+03:00","5","49.91785714285714","907.0434782608696","0","14.507547169811321"
"2024-09-18T10:19:00.000+03:00","5","49.92142857142857","921.5","0","14.511320754716982"
"2024-09-18T10:20:00.000+03:00","0.9411764705882353","49.925","681.36","534.5","14.515094339622642"
"2024-09-18T10:21:00.000+03:00","-0.5714285714285714","49.9375","573.8","0","14.518867924528301"
"2024-09-18T10:22:00.000+03:00","-0.5625","49.95","575.2083333333334","0","14.522641509433962"
"2024-09-18T10:23:00.000+03:00","-0.8125","49.95","556.4615384615385","0","14.526415094339622"
"2024-09-18T10:24:00.000+03:00","-0.5714285714285714","49.95","568.1666666666666","0","14.530188679245283"
"2024-09-18T10:25:00.000+03:00","-0.5454545454545454","49.95","560.2307692307693","0","14.533962264150944"
"2024-09-18T10:26:00.000+03:00","-0.8125","49.95","561.56","530","14.537735849056604"
"2024-09-18T10:27:00.000+03:00","-1.3888888888888888","49.95","516.12","0","14.541509433962265"
"2024-09-18T10:28:00.000+03:00","2.4615384615384617","49.95","746.7916666666666","526","14.545283018867925"
"2024-09-18T10:29:00.000+03:00","5.526315789473684","49.955555555555556","906.6","0","14.549056603773584"
"2024-09-18T10:30:00.000+03:00","6.25","49.961111111111116","951","0","14.552830188679245"
"2024-09-18T10:31:00.000+03:00","4.823529411764706","49.96666666666667","880.68","524.5","14.556603773584905"
"2024-09-18T10:32:00.000+03:00","0.4166666666666667","49.96458333333334","647.8260869565217","0","14.560377358490566"
"2024-09-18T10:33:00.000+03:00","0","49.962500000000006","615.88","528.3333333333334","14.564150943396227"
"2024-09-18T10:34:00.000+03:00","-0.1","49.96041666666667","630.5454545454545","532.5","14.567924528301887"
"2024-09-18T10:35:00.000+03:00","0.16666666666666666","49.958333333333336","629.68","525","14.571698113207548"
"2024-09-18T10:36:00.000+03:00","0.1","49.956250000000004","633.4782608695652","520","14.575471698113208"
"2024-09-18T10:37:00.000+03:00","-0.06666666666666667","49.954166666666666","569.2083333333334","512.5","14.579245283018867"
"2024-09-18T10:38:00.000+03:00","0.058823529411764705","49.952083333333334","571.68","497.5","14.583018867924528"
"2024-09-18T10:39:00.000+03:00","0.3333333333333333","49.95","624.25","484.5","14.586792452830188"
"2024-09-18T10:40:00.000+03:00","6.75","49.962500000000006","954","470.3333333333333","14.590566037735849"
"2024-09-18T10:41:00.000+03:00","7","49.975","939.7083333333334","463","14.59433962264151"
"2024-09-18T10:42:00.000+03:00","6.333333333333333","49.9875","896.5769230769231","0","14.59811320754717"
"2024-09-18T10:43:00.000+03:00","0.47058823529411764","50","554.9230769230769","458","14.60188679245283"
"2024-09-18T10:44:00.000+03:00","-0.47058823529411764","49.975","494.96153846153845","452","14.605660377358491"
"2024-09-18T10:45:00.000+03:00","-0.5294117647058824","49.95","485.7826086956522","449.1666666666667","14.60943396226415"
"2024-09-18T10:46:00.000+03:00","-0.35294117647058826","49.925","502.52","453.3333333333333","14.61320754716981"
"2024-09-18T10:47:00.000+03:00","-0.1","49.9","501.7391304347826","462.5","14.616981132075471"
"2024-09-18T10:48:00.000+03:00","-0.4","50","528.1428571428571","0","14.620754716981132"
"2024-09-18T10:49:00.000+03:00","0","49.97777777777778","536.875","0","14.624528301886793"
"2024-09-18T10:50:00.000+03:00","-0.6428571428571429","49.955555555555556","518.88","470","14.628301886792453"
"2024-09-18T10:51:00.000+03:00","6.176470588235294","49.93333333333334","882.2307692307693","462.1666666666667","14.632075471698114"
"2024-09-18T10:52:00.000+03:00","6.071428571428571","49.849999999999994","922.2692307692307","460","14.635849056603774"
"2024-09-18T10:53:00.000+03:00","5.818181818181818","49.925","906.375","460.5","14.639622641509433"
"2024-09-18T10:54:00.000+03:00","1.1818181818181819","50","616.9565217391304","466.3333333333333","14.643396226415094"
"2024-09-18T10:55:00.000+03:00","-0.4666666666666667","50","507.34615384615387","473.3333333333333","14.647169811320754"
"2024-09-18T10:56:00.000+03:00","-0.7333333333333333","50","515.375","0","14.650943396226415"
"2024-09-18T10:57:00.000+03:00","-0.6","49.9875","509.76","480.8333333333333","14.654716981132076"
"2024-09-18T10:58:00.000+03:00","-1.0555555555555556","49.975","505.5","0","14.658490566037736"
"2024-09-18T10:59:00.000+03:00","-0.75","49.962500000000006","508.75","0","14.662264150943397"
"2024-09-18T11:00:00.000+03:00","0.16666666666666666","49.95","595.9166666666666","0","14.666037735849057"
"2024-09-18T11:01:00.000+03:00","-0.2","49.95","586.4166666666666","0","14.669811320754716"
"2024-09-18T11:02:00.000+03:00","5.6","49.949999999999996","828.72","491.2857142857143","14.673584905660377"
"2024-09-18T11:03:00.000+03:00","6.555555555555555","49.96666666666666","996.6666666666666","495.5","14.677358490566037"
"2024-09-18T11:04:00.000+03:00","5.666666666666667","49.983333333333334","929.1923076923077","0","14.681132075471698"
"2024-09-18T11:05:00.000+03:00","3.8666666666666667","50","779.5","501.3333333333333","14.684905660377359"
"2024-09-18T11:06:00.000+03:00","-0.25","50","570.3478260869565","512.5","14.68867924528302"
"2024-09-18T11:07:00.000+03:00","-0.25","50","580","522.5","14.69245283018868"
"2024-09-18T11:08:00.000+03:00","-0.6363636363636364","50","555.5416666666666","532.5","14.69622641509434"
"2024-09-18T11:09:00.000+03:00","-0.6666666666666666","50.01","558","542.5","14.7"
"2024-09-18T11:10:00.000+03:00","-1.6956521739130435","50.019999999999996","491.3478260869565","550","14.70377358490566"
"2024-09-18T11:11:00.000+03:00","-2.2941176470588234","50.03","489.7826086956522","557.5","14.70754716981132"
"2024-09-18T11:12:00.000+03:00","-2.6666666666666665","50.04","476.7916666666667","567.5","14.711320754716981"
"2024-09-18T11:13:00.000+03:00","-1.8823529411764706","50.05","514.4545454545455","575","14.715094339622642"
"2024-09-18T11:14:00.000+03:00","3.9285714285714284","49.925000000000004","886.4090909090909","576.4","14.718867924528302"
"2024-09-18T11:15:00.000+03:00","2.823529411764706","49.94107142857143","849.6818181818181","579","14.722641509433963"
"2024-09-18T11:16:00.000+03:00","1.5333333333333334","49.957142857142856","777.6086956521739","0","14.726415094339623"
"2024-09-18T11:17:00.000+03:00","-2","49.95","534.2083333333334","580","14.730188679245284"
"2024-09-18T11:18:00.000+03:00","8.11111111111111","49.96666666666666","1107.4","578","14.733962264150943"
"2024-09-18T11:19:00.000+03:00","2.8333333333333335","49.88","615.4166666666666","578.75","14.737735849056603"
"2024-09-18T11:20:00.000+03:00","-2.5294117647058822","49.89333333333334","497.7307692307692","0","14.741509433962264"
"2024-09-18T11:21:00.000+03:00","-2.3333333333333335","49.906666666666666","494.8333333333333","0","14.745283018867925"
"2024-09-18T11:22:00.000+03:00","-2.4285714285714284","49.92","502.2173913043478","0","14.749056603773585"
"2024-09-18T11:23:00.000+03:00","-0.5","49.93333333333334","667.7826086956521","579","14.752830188679246"
"2024-09-18T11:24:00.000+03:00","2.533333333333333","49.95","845.5833333333334","584","14.756603773584906"
"2024-09-18T11:25:00.000+03:00","6.909090909090909","49.8","1101.75","586","14.760377358490567"
"2024-09-18T11:26:00.000+03:00","17","49.833333333333336","1576.4166666666667","590.5","14.764150943396226"
"2024-09-18T11:27:00.000+03:00","19.235294117647058","49.79999999999999","1619.75","591.4444444444445","14.767924528301887"
"2024-09-18T11:28:00.000+03:00","8","49.93333333333334","1105.6","598","14.771698113207547"
"2024-09-18T11:29:00.000+03:00","3.909090909090909","49.91666666666667","937.04","0","14.775471698113208"
"2024-09-18T11:30:00.000+03:00","6","49.900000000000006","1020.5217391304348","593","14.779245283018868"
"2024-09-18T11:31:00.000+03:00","6.2727272727272725","49.88333333333333","1012.1153846153846","588","14.783018867924529"
"2024-09-18T11:32:00.000+03:00","6.25","49.86666666666667","1021.9583333333334","583","14.78679245283019"
"2024-09-18T11:33:00.000+03:00","6.615384615384615","49.85","1023","575.5","14.79056603773585"
"2024-09-18T11:34:00.000+03:00","6.4","49.83333333333333","1009.0416666666666","568","14.794339622641509"
"2024-09-18T11:35:00.000+03:00","6.5625","49.81666666666666","1006.875","563","14.79811320754717"
"2024-09-18T11:36:00.000+03:00","8.2","49.8","1087.0454545454545","557","14.80188679245283"
"2024-09-18T11:37:00.000+03:00","21.466666666666665","49.5","1795.75","545","14.80566037735849"
"2024-09-18T11:38:00.000+03:00","57.9375","49.55","3321.7272727272725","0","14.809433962264151"
"2024-09-18T11:39:00.000+03:00","57.44444444444444","49.55833333333333","3332.1666666666665","0","14.813207547169812"
"2024-09-18T11:40:00.000+03:00","47.888888888888886","49.56666666666666","2899.217391304348","550.6666666666666","14.816981132075473"
"2024-09-18T11:41:00.000+03:00","47.94736842105263","49.550000000000004","2898.0833333333335","560","14.820754716981133"
"2024-09-18T11:42:00.000+03:00","48.470588235294116","49.550000000000004","2908.2083333333335","0","14.824528301886792"
"2024-09-18T11:43:00.000+03:00","47.53333333333333","49.550000000000004","2890.25","567","14.828301886792453"
"2024-09-18T11:44:00.000+03:00","48.2","49.550000000000004","2893.96","574","14.832075471698113"
"2024-09-18T11:45:00.000+03:00","32.666666666666664","49.65","2092.25","576","14.835849056603774"
"2024-09-18T11:46:00.000+03:00","5.888888888888889","49.75","1003.68","579.5","14.839622641509434"
"2024-09-18T11:47:00.000+03:00","5.9411764705882355","49.849999999999994","987.12","572","14.843396226415095"
"2024-09-18T11:48:00.000+03:00","7.461538461538462","49.8","1083.1666666666667","567","14.847169811320756"
"2024-09-18T11:49:00.000+03:00","15.294117647058824","49.849999999999994","1454.9615384615386","0","14.850943396226416"
"2024-09-18T11:50:00.000+03:00","14.285714285714286","49.8","1372.5416666666667","0","14.854716981132075"
"2024-09-18T11:51:00.000+03:00","11.571428571428571","49.86666666666667","1263.84","572","14.858490566037736"
"2024-09-18T11:52:00.000+03:00","6.363636363636363","49.849999999999994","1002.0769230769231","577","14.862264150943396"
"2024-09-18T11:53:00.000+03:00","7.3125","49.849999999999994","1028.64","584.5","14.866037735849057"
"2024-09-18T11:54:00.000+03:00","6.142857142857143","49.86666666666666","999.074074074074","594.5","14.869811320754717"
"2024-09-18T11:55:00.000+03:00","6.125","49.88333333333333","1012.6538461538462","604.5","14.873584905660378"
"2024-09-18T11:56:00.000+03:00","5.75","49.9","1018.8333333333334","617","14.877358490566039"
"2024-09-18T11:57:00.000+03:00","5.888888888888889","49.916666666666664","1005.6086956521739","632.25","14.8811320754717"
"2024-09-18T11:58:00.000+03:00","4.8125","49.93333333333334","1021.0833333333334","650.625","14.88490566037736"
"2024-09-18T11:59:00.000+03:00","3.6153846153846154","49.95","990.7916666666666","669.8","14.888679245283019"
"2024-09-18T12:00:00.000+03:00","12.375","49.833333333333336","1411.08","679.5","14.89245283018868"
"2024-09-18T12:01:00.000+03:00","14.764705882352942","49.849999999999994","1525.076923076923","699.5","14.89622641509434"
"2024-09-18T12:02:00.000+03:00","13.571428571428571","49.849999999999994","1473.52","719.5","14.9"
"2024-09-18T12:03:00.000+03:00","9.11111111111111","49.86666666666667","1267.28","737","14.90344827586207"
"2024-09-18T12:04:00.000+03:00","6.3076923076923075","50","1112.36","756.3333333333334","14.906896551724138"
"2024-09-18T12:05:00.000+03:00","3.7142857142857144","49.93333333333334","1064.96","775.5","14.910344827586208"
"2024-09-18T12:06:00.000+03:00","2","49.95","1025.92","791.6666666666666","14.913793103448276"
"2024-09-18T12:07:00.000+03:00","2.2","49.95","1001.375","803.5","14.917241379310346"
"2024-09-18T12:08:00.000+03:00","31.266666666666666","49.6","1932.3846153846155","817.5","14.920689655172414"
"2024-09-18T12:09:00.000+03:00","43.214285714285715","49.583333333333336","2984.28","828","14.924137931034483"
"2024-09-18T12:10:00.000+03:00","43.21052631578947","49.56666666666666","2897.923076923077","843","14.927586206896551"
"2024-09-18T12:11:00.000+03:00","42.9","49.55","2948.1153846153848","859","14.931034482758621"
"2024-09-18T12:12:00.000+03:00","50.266666666666666","49.5","3323.181818181818","872","14.93448275862069"
"2024-09-18T12:13:00.000+03:00","48.6","49.54999999999999","3247.84","882","14.937931034482759"
"2024-09-18T12:14:00.000+03:00","48.357142857142854","49.54999999999999","3222.8","892","14.941379310344828"
"2024-09-18T12:15:00.000+03:00","42.23076923076923","49.6","2925.88","903.6","14.944827586206896"
"2024-09-18T12:16:00.000+03:00","34.6875","49.9","2659.72","919.5714285714286","14.948275862068966"
"2024-09-18T12:17:00.000+03:00","-0.15789473684210525","49.916666666666664","970.0833333333334","933","14.951724137931034"
"2024-09-18T12:18:00.000+03:00","-0.29411764705882354","49.93333333333333","960.32","943.5","14.955172413793104"
"2024-09-18T12:19:00.000+03:00","-0.2","49.949999999999996","959.92","951.5","14.958620689655172"
"2024-09-18T12:20:00.000+03:00","-0.3333333333333333","49.949999999999996","959.7916666666666","0","14.962068965517242"
"2024-09-18T12:21:00.000+03:00","-0.7272727272727273","49.94615384615384","963.76","964","14.96551724137931"
"2024-09-18T12:22:00.000+03:00","-1","49.95454545454545","974.5384615384615","0","14.96896551724138"
"2024-09-18T12:23:00.000+03:00","-0.5","49.94444444444444","975.5416666666666","0","14.972413793103449"
"2024-09-18T12:24:00.000+03:00","6.538461538461538","49.94761904761904","1369.72","967.6666666666666","14.975862068965517"
"2024-09-18T12:25:00.000+03:00","5.454545454545454","49.95079365079365","1332.8260869565217","0","14.979310344827587"
"2024-09-18T12:26:00.000+03:00","5","49.953968253968256","1327.76","964.6666666666666","14.982758620689655"
"2024-09-18T12:27:00.000+03:00","1.5","49.957142857142856","1043.0434782608695","964","14.986206896551725"
"2024-09-18T12:28:00.000+03:00","-0.15789473684210525","49.95555555555555","1000.2727272727273","0","14.989655172413793"
"2024-09-18T12:29:00.000+03:00","-0.30434782608695654","49.95000000000001","981.08","964.5","14.993103448275862"
"2024-09-18T12:30:00.000+03:00","0.5","49.95000000000001","1053.0833333333333","0","14.99655172413793"
"2024-09-18T12:31:00.000+03:00","0.3076923076923077","49.94285714285714","1041.6521739130435","954","15"
"2024-09-18T12:32:00.000+03:00","0.7","49.95","1022.75","941.5","15.033333333333333"
"2024-09-18T12:33:00.000+03:00","0.6","49.949999999999996","1005.4583333333334","931.5","15.066666666666666"
"2024-09-18T12:34:00.000+03:00","0.25","49.95","1018.875","924","15.1"
"2024-09-18T12:35:00.000+03:00","2.4444444444444446","49.95","1126.9583333333333","928","15.272727272727272"
"2024-09-18T12:36:00.000+03:00","9.588235294117647","49.849999999999994","1464.2083333333333","932","15.445454545454545"
"2024-09-18T12:37:00.000+03:00","6.25","49.88571428571428","1384.52","942.7142857142857","15.618181818181817"
"2024-09-18T12:38:00.000+03:00","6.071428571428571","49.92142857142857","1366.375","964.4285714285714","15.790909090909091"
"2024-09-18T12:39:00.000+03:00","0.11764705882352941","49.957142857142856","1037.7916666666667","989","15.963636363636363"
"2024-09-18T12:40:00.000+03:00","0.05263157894736842","49.945454545454545","1029.4583333333333","1017.6666666666666","16.136363636363637"
"2024-09-18T12:41:00.000+03:00","-1.1333333333333333","49.96666666666667","1031.5217391304348","1046.7777777777778","16.30909090909091"
"2024-09-18T12:42:00.000+03:00","-1.105263157894737","49.95","1028.92","1072.5","16.48181818181818"
"2024-09-18T12:43:00.000+03:00","13.409090909090908","49.75","1948.3461538461538","1086.625","16.654545454545456"
"2024-09-18T12:44:00.000+03:00","37.75","49.7","2949.478260869565","1093.5","16.827272727272728"
"2024-09-18T12:45:00.000+03:00","39.3","49.650000000000006","2947.269230769231","1101","17"
"2024-09-18T12:46:00.000+03:00","38.214285714285715","49.611111111111114","2969.2916666666665","1106","15.1"
"2024-09-18T12:47:00.000+03:00","38.625","49.57222222222222","3005.923076923077","1101","15.129999999999999"
"2024-09-18T12:48:00.000+03:00","46.3125","49.53333333333333","3350.5","1092","15.16"
"2024-09-18T12:49:00.000+03:00","46.64705882352941","49.550000000000004","3308.2","1081.3333333333333","15.19"
"2024-09-18T12:50:00.000+03:00","24.6875","49.599999999999994","2268.5","1077.7142857142858","15.22"
"2024-09-18T12:51:00.000+03:00","-1.434782608695652","49.96","1033.3846153846155","1072","15.25"
"2024-09-18T12:52:00.000+03:00","-2.5833333333333335","49.95703703703704","952.9130434782609","1067.5","15.28"
"2024-09-18T12:53:00.000+03:00","-2.611111111111111","49.95407407407408","940.8846153846154","1060","15.31"
"2024-09-18T12:54:00.000+03:00","-2.235294117647059","49.95111111111111","952.4166666666666","0","15.34"
"2024-09-18T12:55:00.000+03:00","-2.3125","49.94814814814815","949.96","0","15.370000000000001"
"2024-09-18T12:56:00.000+03:00","-2.5789473684210527","49.94518518518519","948.6","0","15.4"
"2024-09-18T12:57:00.000+03:00","-2.75","49.94222222222223","946.75","1065","15.408333333333333"
"2024-09-18T12:58:00.000+03:00","-2.8333333333333335","49.93925925925926","932.4","1072.5","15.416666666666668"
"2024-09-18T12:59:00.000+03:00","-3.230769230769231","49.9362962962963","935.3913043478261","1082.5","15.425"
"2024-09-18T13:00:00.000+03:00","1.15","49.93333333333334","1221.125","1094","15.433333333333334"
"2024-09-18T13:01:00.000+03:00","5.214285714285714","49.955555555555556","1407.68","1108","15.441666666666666"
"2024-09-18T13:02:00.000+03:00","3.0833333333333335","49.97777777777778","1352.75","1118","15.45"
"2024-09-18T13:03:00.000+03:00","-0.6666666666666666","50","1210.28","1124","15.458333333333334"
"2024-09-18T13:04:00.000+03:00","-3.0476190476190474","49.87777777777778","982.0769230769231","0","15.466666666666667"
"2024-09-18T13:05:00.000+03:00","-0.75","49.75555555555555","974.9583333333334","1132.5","15.475"
"2024-09-18T13:06:00.000+03:00","35.42857142857143","49.63333333333333","2935.653846153846","1120","15.483333333333334"
"2024-09-18T13:07:00.000+03:00","36.470588235294116","49.6","2942.7727272727275","1115","15.491666666666667"
"2024-09-18T13:08:00.000+03:00","37.5","49.612500000000004","2933.230769230769","1106.5","15.5"
"2024-09-18T13:09:00.000+03:00","38.18181818181818","49.625","2945.25","1106","15.5125"
"2024-09-18T13:10:00.000+03:00","36.42857142857143","49.6375","2855.76","1098.5","15.525"
"2024-09-18T13:11:00.000+03:00","35.6","49.650000000000006","2846.608695652174","1091.3333333333333","15.5375"
"2024-09-18T13:12:00.000+03:00","36.6875","49.6","2907.68","1084.5","15.55"
"2024-09-18T13:13:00.000+03:00","39.5","49.625","3130.1304347826085","1084","15.5625"
"2024-09-18T13:14:00.000+03:00","3.25","49.68333333333333","1317.0384615384614","1087.5","15.575"
"2024-09-18T13:15:00.000+03:00","0.1875","49.74166666666667","1223.4166666666667","1080.5","15.5875"
"2024-09-18T13:16:00.000+03:00","6.304347826086956","49.8","1404","1063","15.6"
"2024-09-18T13:17:00.000+03:00","25.761904761904763","49.73333333333334","2361.6521739130435","1057","15.606666666666666"
"2024-09-18T13:18:00.000+03:00","-2.0714285714285716","49.957142857142856","948.0833333333334","1050.75","15.613333333333333"
"2024-09-18T13:19:00.000+03:00","-10.210526315789474","50.059999999999995","612.9130434782609","1044.8333333333333","15.62"
"2024-09-18T13:20:00.000+03:00","-12.047619047619047","50.05499999999999","474.44","1034.5","15.626666666666667"
"2024-09-18T13:21:00.000+03:00","-12","50.05","479.0869565217391","1024","15.633333333333333"
"2024-09-18T13:22:00.000+03:00","-11","50.037499999999994","485.1666666666667","1016","15.639999999999999"
"2024-09-18T13:23:00.000+03:00","-11.473684210526315","50.025","468.27272727272725","1008.5","15.646666666666667"
"2024-09-18T13:24:00.000+03:00","-10.9375","50.0125","482","1006.5","15.653333333333332"
"2024-09-18T13:25:00.000+03:00","-8.052631578947368","50","619.625","1005","15.66"
"2024-09-18T13:26:00.000+03:00","-2.5384615384615383","49.85","917.6521739130435","0","15.666666666666666"
"2024-09-18T13:27:00.000+03:00","0.3","49.7","1307.8333333333333","1001","15.673333333333332"
"2024-09-18T13:28:00.000+03:00","33.142857142857146","49.64","2709.52","1004.3333333333334","15.68"
"2024-09-18T13:29:00.000+03:00","28.625","49.6","2433.2916666666665","1006","15.686666666666666"
"2024-09-18T13:30:00.000+03:00","27.57894736842105","49.7","2428.217391304348","1017.2","15.693333333333333"
"2024-09-18T13:31:00.000+03:00","28.333333333333332","49.75","2416.92","1021","15.7"
"2024-09-18T13:32:00.000+03:00","26.94736842105263","49.800000000000004","2421.875","1032","15.799999999999999"
"2024-09-18T13:33:00.000+03:00","27.444444444444443","49.85","2384.6296296296296","1035","15.899999999999999"
"2024-09-18T13:34:00.000+03:00","26.8","49.9","2379.44","1043.3333333333333","16"
"2024-09-18T13:35:00.000+03:00","26.583333333333332","49.95","2402.5384615384614","1048","16.099999999999998"
"2024-09-18T13:36:00.000+03:00","22.8125","50","2166.304347826087","1055","16.2"
"2024-09-18T13:37:00.000+03:00","-12.444444444444445","50.050000000000004","483.3333333333333","1065.3333333333333","16.28235294117647"
"2024-09-18T13:38:00.000+03:00","-4.6875","50.0625","879.4545454545455","1071.6666666666667","16.36470588235294"
"2024-09-18T13:39:00.000+03:00","-4.473684210526316","50.075","860.2916666666666","1075","16.44705882352941"
"2024-09-18T13:40:00.000+03:00","-5.4","50.087500000000006","783.9130434782609","0","16.52941176470588"
"2024-09-18T13:41:00.000+03:00","-10.5625","50.1","551.1666666666666","1076.5","16.611764705882354"
"2024-09-18T13:42:00.000+03:00","-12.529411764705882","50.11666666666667","484.5217391304348","1078","16.694117647058825"
"2024-09-18T13:43:00.000+03:00","-12.470588235294118","50.13333333333334","490.7083333333333","0","16.776470588235295"
"2024-09-18T13:44:00.000+03:00","-12.68421052631579","50.150000000000006","465.69565217391306","1078.5","16.858823529411765"
"2024-09-18T13:45:00.000+03:00","-12.736842105263158","50.150000000000006","467.64","1081.25","16.941176470588236"
"2024-09-18T13:46:00.000+03:00","-12.333333333333334","50.15","495.875","1081","17.023529411764706"
"2024-09-18T13:47:00.000+03:00","-13.23076923076923","50.166666666666664","452.3478260869565","1081.5","17.105882352941176"
"2024-09-18T13:48:00.000+03:00","-13.210526315789474","50.150000000000006","458.48","0","17.188235294117646"
"2024-09-18T13:49:00.000+03:00","-13.285714285714286","50.125","467.28","0","17.27058823529412"
"2024-09-18T13:50:00.000+03:00","-9","50.1","636.8","1068","17.35294117647059"
"2024-09-18T13:51:00.000+03:00","-3.8823529411764706","50.025000000000006","869.7727272727273","1061","17.43529411764706"
"2024-09-18T13:52:00.000+03:00","-5.0588235294117645","50.05","820.0434782608696","1058.6666666666667","17.51764705882353"
"2024-09-18T13:53:00.000+03:00","-8.875","50.1","617.52","1050.75","17.6"
"2024-09-18T13:54:00.000+03:00","-13.125","50.150000000000006","417","0","17.400000000000002"
"2024-09-18T13:55:00.000+03:00","-13","50.25","425.60869565217394","1043","17.2"
"2024-09-18T13:56:00.000+03:00","-12.68421052631579","50.23333333333333","413.5833333333333","1041.5","17"
"2024-09-18T13:57:00.000+03:00","-12.705882352941176","50.23888888888889","418.1666666666667","1038.1666666666667","16.8"
"2024-09-18T13:58:00.000+03:00","-12.947368421052632","50.24444444444444","435.7916666666667","1030","16.599999999999998"
"2024-09-18T13:59:00.000+03:00","-12.333333333333334","50.25","438.8333333333333","0","16.4"
"2024-09-18T14:00:00.000+03:00","-10.777777777777779","50.25","511.2916666666667","0","16.435294117647057"
"2024-09-18T14:01:00.000+03:00","-10.842105263157896","50.18666666666667","496.68","1025","16.470588235294116"
"2024-09-18T14:02:00.000+03:00","-9.35","50.12333333333333","528.0416666666666","1019","16.505882352941175"
"2024-09-18T14:03:00.000+03:00","-1.9473684210526316","50.059999999999995","939.8636363636364","1017","16.541176470588233"
"2024-09-18T14:04:00.000+03:00","-2.8823529411764706","50.050000000000004","882.6086956521739","1013","16.576470588235292"
"2024-09-18T14:05:00.000+03:00","-2.9523809523809526","50.042857142857144","871.5","0","16.61176470588235"
"2024-09-18T14:06:00.000+03:00","-8.363636363636363","50.11666666666667","595.6666666666666","1009.6666666666666","16.64705882352941"
"2024-09-18T14:07:00.000+03:00","-10.9","50.15","494.32","0","16.682352941176468"
"2024-09-18T14:08:00.000+03:00","-10.55","50.18333333333334","503.7826086956522","1013","16.71764705882353"
"2024-09-18T14:09:00.000+03:00","-10.722222222222221","50.21666666666667","513.84","1011.6666666666666","16.75294117647059"
"2024-09-18T14:10:00.000+03:00","-12.380952380952381","50.25","414.4166666666667","0","16.788235294117648"
"2024-09-18T14:11:00.000+03:00","-12.705882352941176","50.260000000000005","433.8333333333333","1011","16.823529411764707"
"2024-09-18T14:12:00.000+03:00","-12.176470588235293","50.255","416.64","1016","16.858823529411765"
"2024-09-18T14:13:00.000+03:00","-12.25","50.25","433.2","1016.5","16.894117647058824"
"2024-09-18T14:14:00.000+03:00","-12.2","50.21666666666667","417.0869565217391","1018.8571428571429","16.929411764705883"
"2024-09-18T14:15:00.000+03:00","-11.533333333333333","50.18333333333333","462.375","1025.5","16.96470588235294"
"2024-09-18T14:16:00.000+03:00","-3.7","50.15","858.6","1029.2","17"
"2024-09-18T14:17:00.000+03:00","-5.2272727272727275","50.166666666666664","787.2916666666666","0","17.005555555555556"
"2024-09-18T14:18:00.000+03:00","-5.526315789473684","50.150000000000006","776.32","1045.5","17.011111111111113"
"2024-09-18T14:19:00.000+03:00","-12.368421052631579","50.3","444.7826086956522","1053.142857142857","17.016666666666666"
"2024-09-18T14:20:00.000+03:00","-13.428571428571429","50.31363636363636","415.3333333333333","1062","17.022222222222222"
"2024-09-18T14:21:00.000+03:00","-13.363636363636363","50.32727272727273","415.5","1072","17.02777777777778"
"2024-09-18T14:22:00.000+03:00","-13.904761904761905","50.340909090909086","426.7826086956522","0","17.033333333333335"
"2024-09-18T14:23:00.000+03:00","-13.777777777777779","50.35454545454545","406.375","1077","17.038888888888888"
"2024-09-18T14:24:00.000+03:00","-13.823529411764707","50.35227272727272","410.4782608695652","1080.5","17.044444444444444"
"2024-09-18T14:25:00.000+03:00","-14.055555555555555","50.349999999999994","406.92","1088","17.05"
"2024-09-18T14:26:00.000+03:00","-14.238095238095237","50.33333333333333","399.48","1093","17.055555555555557"
"2024-09-18T14:27:00.000+03:00","-14.1875","50.31666666666666","409.1666666666667","0","17.061111111111114"
"2024-09-18T14:28:00.000+03:00","-11.7","50.3","516.8148148148148","1101","17.066666666666666"
"2024-09-18T14:29:00.000+03:00","-4.923076923076923","50.25","874.5416666666666","1100.6666666666667","17.072222222222223"
"2024-09-18T14:30:00.000+03:00","-6.434782608695652","50.25","773.5384615384615","1106","17.07777777777778"
"2024-09-18T14:31:00.000+03:00","-8","50.26666666666666","715.5652173913044","1102.4444444444443","17.083333333333336"
"2024-09-18T14:32:00.000+03:00","-14.5625","50.349999999999994","432.4583333333333","1100.5","17.08888888888889"
"2024-09-18T14:33:00.000+03:00","-13.941176470588236","50.375","434.72","0","17.094444444444445"
"2024-09-18T14:34:00.000+03:00","-14.227272727272727","50.4","422.34615384615387","1098.5","17.1"
"2024-09-18T14:35:00.000+03:00","-12.470588235294118","50.41","490.375","0","17.105"
"2024-09-18T14:36:00.000+03:00","-12.222222222222221","50.42","500.2692307692308","0","17.11"
"2024-09-18T14:37:00.000+03:00","-12.615384615384615","50.43","490.84","1103.3333333333333","17.115000000000002"
"2024-09-18T14:38:00.000+03:00","-13.105263157894736","50.440000000000005","485.4","1122.3333333333333","17.12"
"2024-09-18T14:39:00.000+03:00","-13.045454545454545","50.45","501.96153846153845","1135.2857142857142","17.125"
"2024-09-18T14:40:00.000+03:00","-13.421052631578947","50.449999999999996","491","1151","17.130000000000003"
"2024-09-18T14:41:00.000+03:00","-12.263157894736842","50.4375","618.375","1169","17.135"
"2024-09-18T14:42:00.000+03:00","-4.526315789473684","50.39375","930.4","1174.2","17.14"
"2024-09-18T14:43:00.000+03:00","-7.25","50.349999999999994","838.6521739130435","1193","17.145"
"2024-09-18T14:44:00.000+03:00","-9.631578947368421","50.36666666666667","741.5833333333334","1202.6666666666667","17.15"
"2024-09-18T14:45:00.000+03:00","-14.3","50.457142857142856","504.4","1206","17.155"
"2024-09-18T14:46:00.000+03:00","-14.266666666666667","50.45","501.30434782608694","1216","17.16"
"2024-09-18T14:47:00.000+03:00","-15","50.483333333333334","498.0416666666667","1225","17.165"
"2024-09-18T14:48:00.000+03:00","-15","50.516666666666666","534.9166666666666","1235.2857142857142","17.17"
"2024-09-18T14:49:00.000+03:00","-14.933333333333334","50.55","515.6086956521739","1251.3333333333333","17.175"
"2024-09-18T14:50:00.000+03:00","-15.75","50.55","515.4166666666666","1260","17.18"
"2024-09-18T14:51:00.000+03:00","-15.071428571428571","50.55","526.4583333333334","1271.5","17.185"
"2024-09-18T14:52:00.000+03:00","-15.411764705882353","50.55","514.375","1269","17.189999999999998"
"2024-09-18T14:53:00.000+03:00","-15.357142857142858","50.55","502.5416666666667","1264","17.195"
"2024-09-18T14:54:00.000+03:00","-12.181818181818182","50.52857142857142","652.56","1254","17.2"
"2024-09-18T14:55:00.000+03:00","-7.764705882352941","50.45","822.5","1244.1666666666667","17.205263157894738"
"2024-09-18T14:56:00.000+03:00","-9.166666666666666","50.449999999999996","773.5652173913044","1226.6666666666667","17.210526315789473"
"2024-09-18T14:57:00.000+03:00","-11.647058823529411","50.48571428571429","681.4","1216.5","17.21578947368421"
"2024-09-18T14:58:00.000+03:00","-16","50.6","414.04347826086956","1203","17.221052631578946"
"2024-09-18T14:59:00.000+03:00","-16.45","50.55","407.1304347826087","1191.5714285714287","17.226315789473684"
"2024-09-18T15:00:00.000+03:00","-13.8125","50.55","489.5652173913044","1173","17.23157894736842"
"2024-09-18T15:01:00.000+03:00","-12.55","50.54545454545455","531.0416666666666","1158","17.236842105263158"
"2024-09-18T15:02:00.000+03:00","-13.041666666666666","50.559999999999995","500.2","1150.5","17.242105263157896"
"2024-09-18T15:03:00.000+03:00","-10.9","50.5","616.7083333333334","1144","17.24736842105263"
"2024-09-18T15:04:00.000+03:00","-9.842105263157896","50.483333333333334","669.2173913043479","1136","17.25263157894737"
"2024-09-18T15:05:00.000+03:00","-9.411764705882353","50.46666666666667","666.5454545454545","0","17.257894736842104"
"2024-09-18T15:06:00.000+03:00","-10.125","50.45","652.695652173913","1123.5","17.263157894736842"
"2024-09-18T15:07:00.000+03:00","-9.705882352941176","50.5","647.3913043478261","1111","17.26842105263158"
"2024-09-18T15:08:00.000+03:00","-0.5","50.3","1085.0833333333333","1098.1666666666667","17.273684210526316"
"2024-09-18T15:09:00.000+03:00","-2.3","50.33749999999999","1000","1077","17.278947368421054"
"2024-09-18T15:10:00.000+03:00","-4.190476190476191","50.37499999999999","882.12","1078.4","17.28421052631579"
"2024-09-18T15:11:00.000+03:00","-11.764705882352942","50.45","526.7083333333334","1081","17.289473684210527"
"2024-09-18T15:12:00.000+03:00","-11.941176470588236","50.47916666666667","524.7272727272727","1093.5","17.294736842105262"
"2024-09-18T15:13:00.000+03:00","-11","50.50833333333333","571.3913043478261","1116","17.3"
"2024-09-18T15:14:00.000+03:00","-12.473684210526315","50.537499999999994","537.04","1141.3333333333333","17.325"
"2024-09-18T15:15:00.000+03:00","-13.235294117647058","50.56666666666666","544.375","1171.857142857143","17.35"
"2024-09-18T15:16:00.000+03:00","-15.75","50.608333333333334","427","1197.4","17.375"
"2024-09-18T15:17:00.000+03:00","-16.045454545454547","50.650000000000006","441.92","1215.3333333333333","17.4"
"2024-09-18T15:18:00.000+03:00","-14.95","50.61666666666667","519.88","1232.5",
"2024-09-18T15:19:00.000+03:00","-15.210526315789474","50.583333333333336","503.6296296296296","0",
"2024-09-18T15:20:00.000+03:00","-14.105263157894736","50.55","547.7083333333334","1235",
"2024-09-18T15:21:00.000+03:00","-5.933333333333334","50.46","943.3076923076923","1228",
"2024-09-18T15:22:00.000+03:00","-6.352941176470588","50.45","879.5384615384615","1206",
"2024-09-18T15:23:00.000+03:00","-6.578947368421052","50.45","854","1183.5",
"2024-09-18T15:24:00.000+03:00","-12.705882352941176","50.55","536.8076923076923","1162.7142857142858",
"2024-09-18T15:25:00.000+03:00","-12.833333333333334","50.55","498.6923076923077","1141.857142857143",
"2024-09-18T15:26:00.000+03:00","-13","50.55","501.2","1122",
"2024-09-18T15:27:00.000+03:00","-12.277777777777779","50.537499999999994","531.925925925926","1115.5",
"2024-09-18T15:28:00.000+03:00","-12.473684210526315","50.525","512.125","1116",
"2024-09-18T15:29:00.000+03:00","-12.933333333333334","50.5125","498.55555555555554","1124.25",
"2024-09-18T15:30:00.000+03:00","-11.578947368421053","50.5","572","1129.1666666666667",
"2024-09-18T15:31:00.000+03:00","-11.666666666666666","50.4875","567.9615384615385","1135.8",
"2024-09-18T15:32:00.000+03:00","-12.055555555555555","50.475","569.24","0",
"2024-09-18T15:33:00.000+03:00","-11.823529411764707","50.462500000000006","562.8260869565217","1150",
"2024-09-18T15:34:00.000+03:00","-5.863636363636363","50.45","869.7083333333334","1144",
"2024-09-18T15:35:00.000+03:00","-3.5625","50.457142857142856","967.4166666666666","1133.5",
"2024-09-18T15:36:00.000+03:00","-3.611111111111111","50.44444444444444","934.3913043478261","1109.1666666666667",
"2024-09-18T15:37:00.000+03:00","-7.705882352941177","50.487500000000004","681.2083333333334","1083.25",
"2024-09-18T15:38:00.000+03:00","-9.7","50.55714285714286","568.9166666666666","1051",
"2024-09-18T15:39:00.000+03:00","-10","50.550000000000004","561.16","1031",
"2024-09-18T15:40:00.000+03:00","-9.65","50.550000000000004","556.76","1021",
"2024-09-18T15:41:00.000+03:00","-11.352941176470589","50.56666666666667","477.6","1018.5",
"2024-09-18T15:42:00.000+03:00","-11.08695652173913","50.583333333333336","486.30434782608694","1024.6",
"2024-09-18T15:43:00.000+03:00","-11.473684210526315","50.6","488","1031.5714285714287",
"2024-09-18T15:44:00.000+03:00","-11.166666666666666","50.61666666666667","508.9583333333333","1028.5555555555557",
"2024-09-18T15:45:00.000+03:00","-11","50.63333333333333","493.08","1018",
"2024-09-18T15:46:00.000+03:00","-11.529411764705882","50.65","480.2","1010.5",
"2024-09-18T15:47:00.000+03:00","-7.052631578947368","50.5","648.72","989.8571428571429",
"2024-09-18T15:48:00.000+03:00","0.4","50.4","1005.1428571428571","963",
